"","artist","songs","popularity","genre"
"1","Adam Lambert",110,1.4,"Pop"
"2","Camp Rock",29,1.6,"Pop"
"3","Crowded House",92,1,"Pop"
"4","Danni Carlos",64,0.8,"Pop"
"5","Drake Bell",90,0.3,"Pop"
"6","Fiuk",29,0.3,"Pop"
"7","George Michael",128,5.1,"Pop"
"8","Hori",32,0.3,"Pop"
"9","John People",12,9.8,"Pop"
"10","Maroon 5",151,90.3,"Pop"
"11","PAD",10,3.1,"Pop"
"12","Roxette",207,9.7,"Pop"
"13","Suite7",12,4.3,"Pop"
"14","Vintage Play",5,1.3,"Pop"
"15","BeyoncÃ©",249,40.8,"Pop"
"16","Blake Lewis",47,1,"Pop"
"17","CAMAR",2,0.8,"Pop"
"18","Carte La",2,0.1,"Pop"
"19","Cher Lloyd",57,0.6,"Pop"
"20","Deejay FB",19,0.1,"Pop"
"21","Hanz",3,0.5,"Pop"
"22","Jason Derulo",103,3.1,"Pop"
"23","Jay Sean",105,0.4,"Pop"
"24","Karmin",59,0.1,"Pop"
"25","LMFAO",44,0.7,"Pop"
"26","Pharrell Williams",73,4,"Pop"
"27","Rihanna",243,40,"Pop"
"28","Sean Kingston",86,1.9,"Pop"
"29","Shanell",95,0.1,"Pop"
"30","Sharon DarkSide",1,1.9,"Pop"
"31","SI AMES E",5,0.3,"Pop"
"32","Tici Lino",9,0.7,"Pop"
"33","Trezeback",1,1.8,"Pop"
"34","Willow Smith",57,0.4,"Pop"
"35","Yudi Tamashiro",34,0.1,"Pop"
"36","*NSYNC",115,1,"Pop"
"37","2M1",6,0.4,"Pop"
"38","A-Ha",143,7.1,"Pop"
"39","A-Teens",61,0.1,"Pop"
"40","Adriano Andradi",17,5.1,"Pop"
"41","Ahlex A.N",1,0.1,"Pop"
"42","Alice Rosa",1,0.1,"Pop"
"43","Aline Francelino",1,7.5,"Pop"
"44","Aline Willy",3,6.6,"Pop"
"45","Allycia",4,0.1,"Pop"
"46","Alvin & The Chipmunks",71,0.3,"Pop"
"47","Aly Michalka",11,0.1,"Pop"
"48","Amanda Hellem",3,1.1,"Pop"
"49","AnahÃ_",98,1.3,"Pop"
"50","Andy Grammer",43,0.3,"Pop"
"51","Anggun",67,12.8,"Pop"
"52","Anitta",104,40.1,"Pop"
"53","Anne-M",4,0.1,"Pop"
"54","Annie Fabbreschi",7,0.1,"Pop"
"55","AramÃ ",5,1.9,"Pop"
"56","Ariana Grande",155,246.8,"Pop"
"57","Augustin Bernasconi",4,0.1,"Pop"
"58","Aureo Cesar",1,1.8,"Pop"
"59","Austin Mahone",86,0.9,"Pop"
"60","Banda ZeroHum",1,4.2,"Pop"
"61","BÃ¡rbara Castro",1,0.1,"Pop"
"62","Beatriz (Gospel)",1,0.2,"Pop"
"63","Beatriz Messias",6,1.6,"Pop"
"64","BEATZ",1,0.3,"Pop"
"65","Becky G",51,3.2,"Pop"
"66","Belinda",109,0.5,"Pop"
"67","Belita",2,0.6,"Pop"
"68","Big Up",13,0.6,"Pop"
"69","Billie The Vision and The Dancers",48,0.4,"Pop"
"70","Blue",84,0.3,"Pop"
"71","Bopnova",10,5.4,"Pop"
"72","Bow Wow Wow",20,0.2,"Pop"
"73","Br'oz",31,0.3,"Pop"
"74","Brenno Creezy",22,0.8,"Pop"
"75","Bridgit Mendler",52,0.5,"Pop"
"76","Britney Spears",310,9.8,"Pop"
"77","Bruna Izi e Lafaiete",1,1.3,"Pop"
"78","Bruno Bessa",14,1.3,"Pop"
"79","Burlesque",10,0.1,"Pop"
"80","Caio Dias",10,4.1,"Pop"
"81","Caio Lira",4,0.1,"Pop"
"82","Camila",51,1,"Pop"
"83","Camila Cabello",40,9.2,"Pop"
"84","Camilla Fernandes",6,1.4,"Pop"
"85","Carol Souza",1,0.4,"Pop"
"86","Carolina Maria",1,0.4,"Pop"
"87","Caroline Gaspar",4,0.2,"Pop"
"88","Caroly",47,0.6,"Pop"
"89","Carolzi",6,90.3,"Pop"
"90","Carpechill",7,0.1,"Pop"
"91","Carrossel de EmoÃ§Ãµes",12,0.3,"Pop"
"92","Cash Cash",51,5.4,"Pop"
"93","Cassie",69,0.2,"Pop"
"94","Charice",75,0.2,"Pop"
"95","Charle$ilva",1,0.1,"Pop"
"96","Cheetah Girls",69,0.5,"Pop"
"97","Cheryl",66,0.1,"Pop"
"98","Christian ChÃ¡vez",34,0.7,"Pop"
"99","Christian Seidl",2,1,"Pop"
"100","Christina Aguilera",220,9,"Pop"
"101","Christina Grimmie",54,0.2,"Pop"
"102","Christopher Cross",67,1.5,"Pop"
"103","Christopher Uckermann",29,0.1,"Pop"
"104","Chungha",17,0.1,"Pop"
"105","Cimorelli",117,0.2,"Pop"
"106","Cine",65,1.1,"Pop"
"107","Claudia Leitte",146,5.3,"Pop"
"108","Claudinei Oliveira",28,3.6,"Pop"
"109","Cody Simpson",107,0.7,"Pop"
"110","Colbie Caillat",103,5.5,"Pop"
"111","Complexoj",13,0.7,"Pop"
"112","Conor Maynard",49,0.6,"Pop"
"113","Conrado BraganÃ§a",3,1.8,"Pop"
"114","Corbin Bleu",34,0.1,"Pop"
"115","Cordas Humanas",2,0.7,"Pop"
"116","Cteste",4,0.4,"Pop"
"117","Dado Dolabella",19,0.1,"Pop"
"118","Dalto",31,0.3,"Pop"
"119","Dani Crisani",2,5.1,"Pop"
"120","Daniel Pellegrini",17,0.8,"Pop"
"121","Daniel Siwek",8,0.2,"Pop"
"122","Daniel y Enrique",12,1.3,"Pop"
"123","Daniela AraÃºjo",68,0.6,"Pop"
"124","Dave August",4,1.1,"Pop"
"125","David Archuleta",126,0.6,"Pop"
"126","Deborah Campioni",9,0.1,"Pop"
"127","Demi Lovato",182,21.1,"Pop"
"128","Destro",2,0.1,"Pop"
"129","Dima Bilan",65,0.1,"Pop"
"130","Dj Guiih",12,5.5,"Pop"
"131","Dolls",18,0.2,"Pop"
"132","Double",2,0.5,"Pop"
"133","Drich",24,0.8,"Pop"
"134","Du Rique",1,0.1,"Pop"
"135","DuBboy",10,0.1,"Pop"
"136","Duffy",37,0.3,"Pop"
"137","Eden's Crush",23,0.2,"Pop"
"138","Edu Gueda",21,0.1,"Pop"
"139","Elayne e Gislayne",2,0.2,"Pop"
"140","Ellie Goulding",121,18.3,"Pop"
"141","Ellis Oliver",6,0.8,"Pop"
"142","Encantado",10,0.3,"Pop"
"143","Enzo PaixÃ£o",3,0.7,"Pop"
"144","Erasure",204,0.9,"Pop"
"145","Eric Strada",14,39.9,"Pop"
"146","ETTO",1,0.3,"Pop"
"147","Fabiano Macieira",6,1.5,"Pop"
"148","FASE4",2,0.3,"Pop"
"149","Feito CafÃ©",5,0.4,"Pop"
"150","Felipe Dylon",50,0.4,"Pop"
"151","Fernanda Lemos",5,0.3,"Pop"
"152","Fernando Leite",24,0.8,"Pop"
"153","Fifth Harmony",131,5.5,"Pop"
"154","Five",87,0.3,"Pop"
"155","Fly",30,5.5,"Pop"
"156","Forever In Your Mind",24,0.1,"Pop"
"157","Fotos",10,2.3,"Pop"
"158","Frailen Sertanejo",18,4.3,"Pop"
"159","Fran Rosas",11,0.1,"Pop"
"160","Frankie Goes To Hollywood",30,0.1,"Pop"
"161","Gaabz",1,0.8,"Pop"
"162","Gabbie Fadel",1,39.4,"Pop"
"163","Gabi Borges",1,1.1,"Pop"
"164","Gabys",10,13.3,"Pop"
"165","Gang 90 & as Absurdetes",17,0.6,"Pop"
"166","Geo",9,0.1,"Pop"
"167","Geovane Santos",15,0.1,"Pop"
"168","Geri Halliwell",61,0.1,"Pop"
"169","Girlicious",53,13,"Pop"
"170","Goldfrapp",84,4.3,"Pop"
"171","Greyson Chance",37,0.1,"Pop"
"172","Grupo Blend",12,0.2,"Pop"
"173","Grupo Musicamp",4,1.8,"Pop"
"174","Grupo Palavra Certa",3,0.4,"Pop"
"175","Gus7avo Diniz",5,0.2,"Pop"
"176","Gwenno",17,0.2,"Pop"
"177","Hanson",235,1.6,"Pop"
"178","Henrrique Vieira",1,1.8,"Pop"
"179","High School Musical - A SeleÃ§Ã£o",23,7.2,"Pop"
"180","Hilreli",1,2.1,"Pop"
"181","IM5",28,0.4,"Pop"
"182","Ismael Lopes",2,0.1,"Pop"
"183","Ivete Sangalo",275,11.5,"Pop"
"184","IZA",30,14.6,"Pop"
"185","James Arthur",86,20.9,"Pop"
"186","James Biaggie",4,2.5,"Pop"
"187","Jamie Lynn Spears",18,1.9,"Pop"
"188","Janet Jackson",235,2.1,"Pop"
"189","Jasmine Villegas",54,12.9,"Pop"
"190","Jax Jones",6,0.3,"Pop"
"191","Jennette McCurdy",38,0.1,"Pop"
"192","Jenny Rocha",1,4,"Pop"
"193","Jessica Simpson",94,0.4,"Pop"
"194","Jewel",243,0.3,"Pop"
"195","Joan Osborne",111,1.8,"Pop"
"196","JoÃ£o Marx",1,2.4,"Pop"
"197","JoJo",142,1.4,"Pop"
"198","Jonatas Ribeiro",5,2,"Pop"
"199","Jordan Knight",38,0.8,"Pop"
"200","Jordin Sparks",78,0.8,"Pop"
"201","Josh Rouse",66,0.4,"Pop"
"202","Ju Ribeiro",5,0.2,"Pop"
"203","Juan Marcus e VinÃ_cius",44,0.3,"Pop"
"204","Juliana Bumbeer",5,1.5,"Pop"
"205","Juliana Starry",4,0.3,"Pop"
"206","Julieta Venegas",153,0.9,"Pop"
"207","Jullie",34,0.2,"Pop"
"208","JÃºnior Soares",1,1.6,"Pop"
"209","JÃºnior Soul",16,14.5,"Pop"
"210","Kaleb KaraÃ£",4,0.2,"Pop"
"211","Kandies",1,1.4,"Pop"
"212","Kat Graham",25,0.1,"Pop"
"213","Katy Perry",167,18.3,"Pop"
"214","Kdrew",20,6.1,"Pop"
"215","Kekel Pires",2,0.1,"Pop"
"216","Kesha",193,2.6,"Pop"
"217","Kid Abelha",160,4.8,"Pop"
"218","KLB",129,2.5,"Pop"
"219","Korth",1,0.4,"Pop"
"220","Kudai",84,0.1,"Pop"
"221","Lady Antebellum",101,3.5,"Pop"
"222","Language of Flowers",12,14.2,"Pop"
"223","Lanne",2,0.1,"Pop"
"224","Lari PÃ¡dua",5,0.1,"Pop"
"225","Laryssa e Rayssa",3,0.4,"Pop"
"226","Lea Ferguson",12,0.2,"Pop"
"227","Leandro Lopes",26,0.1,"Pop"
"228","Leighton Meester",32,0.1,"Pop"
"229","Lene Alexandra",4,1.4,"Pop"
"230","Lenylson Luan",2,0.2,"Pop"
"231","Liah",66,0.2,"Pop"
"232","Lil Seven",26,0.5,"Pop"
"233","Lily Allen",95,3.6,"Pop"
"234","Linho Nato",1,0.5,"Pop"
"235","Little Mix",120,12.9,"Pop"
"236","Little Nation",15,1.2,"Pop"
"237","Loko Loko",1,3.2,"Pop"
"238","Lolla Dias",3,0.1,"Pop"
"239","LSD (Labrinth, Sia & Diplo)",5,9,"Pop"
"240","Lu Andrade",30,0.1,"Pop"
"241","Luamarte",14,0.2,"Pop"
"242","Lucas Alencar",4,55.4,"Pop"
"243","Lucas Hawkin",1,0.4,"Pop"
"244","Lucas Ing",1,6.6,"Pop"
"245","Lucca e Juann",9,0.1,"Pop"
"246","Luckas Carbonary",2,14.2,"Pop"
"247","LuÃ_sa Sonza",14,5.1,"Pop"
"248","Luka",52,0.5,"Pop"
"249","Lulu Henrique",8,0.7,"Pop"
"250","Maddi Jane",16,0.2,"Pop"
"251","Madness",141,0.2,"Pop"
"252","Maite Perroni",41,1,"Pop"
"253","Marcelo e Vinicius",2,14.6,"Pop"
"254","Marcos Valle",68,0.3,"Pop"
"255","Mari Cardoso",1,1.3,"Pop"
"256","Maria GadÃº",86,6.1,"Pop"
"257","Mariah Marini",3,1.4,"Pop"
"258","Mariana Rios",33,0.7,"Pop"
"259","Mariana SalomÃ£o",21,35.8,"Pop"
"260","Marina Lima",187,1.7,"Pop"
"261","Mario'ISO",1,0.1,"Pop"
"262","Matheus Bahia",4,1.5,"Pop"
"263","Matheus D'Paula",6,4.1,"Pop"
"264","Matheus Gabriel",5,0.1,"Pop"
"265","Mattheus MÃ¡ximo",55,0.2,"Pop"
"266","Matthew Morrison",23,18.3,"Pop"
"267","MaurÃ_cio Manieri",59,1.7,"Pop"
"268","Mavix",1,0.2,"Pop"
"269","Mc Didizin",1,0.1,"Pop"
"270","MC Mineiro",2,0.6,"Pop"
"271","MC Rihanna da Baixada",9,0.3,"Pop"
"272","MDJ",1,0.9,"Pop"
"273","Meghan Trainor",69,5.5,"Pop"
"274","Melanie C",139,0.3,"Pop"
"275","Melissa Nkonda",8,12.9,"Pop"
"276","MetrÃ´",28,0.2,"Pop"
"277","Michael Jackson",299,35.3,"Pop"
"278","MichÃ©e. MB",12,1.3,"Pop"
"279","Michel Grasiani",1,0.1,"Pop"
"280","Michelle Wilson",7,0.1,"Pop"
"281","Mietta",94,26.3,"Pop"
"282","Mike Posner",96,4.1,"Pop"
"283","Miley Cyrus",260,16.6,"Pop"
"284","Miliko San",2,0.3,"Pop"
"285","Mone Garcia",2,0.7,"Pop"
"286","Nalanda",13,11.9,"Pop"
"287","NanaLu",3,0.1,"Pop"
"288","Nancy Sinatra",52,0.3,"Pop"
"289","Nanda Florence",14,0.1,"Pop"
"290","Nanda Lynn",2,0.2,"Pop"
"291","Natalia Damini",12,0.2,"Pop"
"292","Natalia Kills",57,0.2,"Pop"
"293","Neil Sedaka",72,0.5,"Pop"
"294","New Kids On The Block",101,0.8,"Pop"
"295","Nexa",1,0.1,"Pop"
"296","Niall Horan",15,1.6,"Pop"
"297","Nick Carter",60,0.4,"Pop"
"298","Nicolas Germano",8,1.1,"Pop"
"299","Nicole Pillman",4,0.2,"Pop"
"300","Nilton ArÃªas",1,0.8,"Pop"
"301","NKOTBSB",9,11.5,"Pop"
"302","No Secrets",26,1.1,"Pop"
"303","Nobre Carpinteiro",7,0.2,"Pop"
"304","O Vento Solar",4,0.6,"Pop"
"305","O-Town",55,0.7,"Pop"
"306","Off The King",8,0.4,"Pop"
"307","Offcase",1,1.8,"Pop"
"308","Olly Murs",109,0.8,"Pop"
"309","Outasight",29,0.1,"Pop"
"310","Ov7",172,0.1,"Pop"
"311","Paris Hilton",27,0.1,"Pop"
"312","Patrick Nuo",46,0.7,"Pop"
"313","Paula Abdul",47,0.2,"Pop"
"314","Paulina Rubio",143,0.2,"Pop"
"315","Paulo Ricardo",143,2.2,"Pop"
"316","Pedro Naves e Rafael",6,1,"Pop"
"317","Pedro PHS",4,0.2,"Pop"
"318","Pelek",1,0.1,"Pop"
"319","Pixie Lott",98,0.2,"Pop"
"320","Popular e Sertanejo",3,0.1,"Pop"
"321","Prefab Sprout",120,0.1,"Pop"
"322","Preta Gil",66,0.7,"Pop"
"323","Prisca Borba",10,5,"Pop"
"324","Projeto Autor",1,2.8,"Pop"
"325","Quartzo Band",3,23.8,"Pop"
"326","Rafa Lucci",1,1.6,"Pop"
"327","Rafael Barreto",34,0.2,"Pop"
"328","Rafael Vidalles",7,5.1,"Pop"
"329","Rag'n'Bone Man",32,6.6,"Pop"
"330","Raven-SymonÃ©",64,0.1,"Pop"
"331","Rebecca Black",14,0.2,"Pop"
"332","Reik",101,0.7,"Pop"
"333","Renan Cavolik",2,0.2,"Pop"
"334","Renata Randel",2,0.6,"Pop"
"335","Restart",60,0.8,"Pop"
"336","Ria Mae",1,2.1,"Pop"
"337","Rick Astley",98,1.6,"Pop"
"338","Rick Springfield",20,0.2,"Pop"
"339","Ricky Martin",163,3.5,"Pop"
"340","Rique BrandÃ£o",3,0.1,"Pop"
"341","Rita Ora",56,5.7,"Pop"
"342","Rob Nunes",10,0.1,"Pop"
"343","Roberto Maia",36,17.2,"Pop"
"344","Robyn",92,0.8,"Pop"
"345","Rodrigo Junior",8,0.2,"Pop"
"346","Rodrigo Ta",1,0.2,"Pop"
"347","Roger Costta",1,0.6,"Pop"
"348","Ronny Acelo",3,0.2,"Pop"
"349","Roya",1,14.2,"Pop"
"350","Sad Boy",1,10.4,"Pop"
"351","Samantha Jade",40,0.2,"Pop"
"352","Samuel Matthew",10,4.1,"Pop"
"353","Sandra Campos",3,0.9,"Pop"
"354","Sara Bareilles",92,1.9,"Pop"
"355","Savannah Outen",16,0.8,"Pop"
"356","Se7en",111,0.7,"Pop"
"357","Seal",153,3.4,"Pop"
"358","Sebah",15,0.1,"Pop"
"359","Selena Gomez",156,12.2,"Pop"
"360","Sem Atalhos",7,0.1,"Pop"
"361","Shakira",185,33.5,"Pop"
"362","Shania Twain",113,8,"Pop"
"363","Shawn Mendes",69,35.8,"Pop"
"364","Six Pack",34,1.6,"Pop"
"365","Spandau Ballet",54,0.5,"Pop"
"366","Spice Girls",76,3.6,"Pop"
"367","Stall the Ã–range",3,10.4,"Pop"
"368","StÃªnio Valter",1,0.2,"Pop"
"369","Sterling Knight",10,0.2,"Pop"
"370","Sugababes",134,0.2,"Pop"
"371","Sun Ho",5,0.3,"Pop"
"372","Take That",140,1.2,"Pop"
"373","Talita Caldas",2,0.1,"Pop"
"374","Tammin",12,1.4,"Pop"
"375","Tangina Stone",5,0.2,"Pop"
"376","Tania Aura",5,1.1,"Pop"
"377","Taylor Swift",261,28.1,"Pop"
"378","Tears For Fears",91,4.4,"Pop"
"379","Terry Dourado",1,3.5,"Pop"
"380","Thaeme",22,40.8,"Pop"
"381","The Cardigans",85,0.4,"Pop"
"382","The Chiffons",6,0.2,"Pop"
"383","The Corrs",140,1.2,"Pop"
"384","The Mamas And The Papas",63,0.4,"Pop"
"385","The Ronettes",14,0.2,"Pop"
"386","The Saturdays",91,0.2,"Pop"
"387","The Shangri-las",14,0.1,"Pop"
"388","Tiago Beirigo",1,0.2,"Pop"
"389","Tiago Iorc",62,13.3,"Pop"
"390","Tina Turner",147,3.2,"Pop"
"391","Ton Carfi",80,4.3,"Pop"
"392","Tounoir",2,1.9,"Pop"
"393","Tracy Chapman",97,4.1,"Pop"
"394","Trio Vocal 123",4,1.8,"Pop"
"395","Tua Palavra",16,0.3,"Pop"
"396","US5",42,0.1,"Pop"
"397","V Factory",11,0.2,"Pop"
"398","Veufo",2,0.2,"Pop"
"399","Victor Brum",1,0.1,"Pop"
"400","Victor Torres",8,0.1,"Pop"
"401","Victoria Beckham",38,2,"Pop"
"402","Victoria Pfeifer",1,9,"Pop"
"403","VinÃ_cius Pimentel",3,0.1,"Pop"
"404","Vinny",110,0.2,"Pop"
"405","Westlife",220,3.9,"Pop"
"406","WILL B",1,0.9,"Pop"
"407","Wilson Simoninha",50,0.1,"Pop"
"408","Wonder Girls",75,2.4,"Pop"
"409","WoodMind",4,0.7,"Pop"
"410","Zabot",4,0.1,"Pop"
"411","Zendaya",48,0.6,"Pop"
"412","10000 Maniacs",110,0.3,"Pop"
"413","Balara",10,0.1,"Pop"
"414","Biographia 54",1,1,"Pop"
"415","Blitz",57,1.3,"Pop"
"416","Dido",89,2.4,"Pop"
"417","Duran Duran",207,2.8,"Pop"
"418","Edson Ferreira",2,0.2,"Pop"
"419","Georgios",10,2.8,"Pop"
"420","Gold n' Soul",4,0.9,"Pop"
"421","Gustavo Goulart",14,0.3,"Pop"
"422","Jota Quest",154,13.3,"Pop"
"423","Kerli",115,0.9,"Pop"
"424","Maicon Egot",7,4,"Pop"
"425","McFly",162,2.2,"Pop"
"426","Miranda Cosgrove",39,0.4,"Pop"
"427","Tori Nogueira",6,16.6,"Pop"
"428","Vanessa Carlton",73,1.8,"Pop"
"429","3OH!3",79,0.6,"Pop"
"430","Arrete",1,0.1,"Pop"
"431","Chantelle Paige",7,0.7,"Pop"
"432","Colby O Donis",29,0.4,"Pop"
"433","D. Woods",16,0.2,"Pop"
"434","Fabio Coco",11,6.6,"Pop"
"435","Fergie",66,3.5,"Pop"
"436","Hoodie Allen",59,9,"Pop"
"437","Jason Salles",17,1.9,"Pop"
"438","Kevin Rudolf",18,0.1,"Pop"
"439","Leo Kiss",1,2.2,"Pop"
"440","Nelly Furtado",136,2,"Pop"
"441","Nellyy Chris",3,2.2,"Pop"
"442","Nicki Minaj",270,13.9,"Pop"
"443","Nicole Scherzinger",101,0.7,"Pop"
"444","Pitbull",242,2.6,"Pop"
"445","14 Bis",120,1.8,"Pop"
"446","2NE1",103,0.4,"Pop"
"447","A.R. Rahman",61,9.3,"Pop"
"448","ABBA",156,13.6,"Pop"
"449","Adele",65,55.4,"Pop"
"450","Adriana Calcanhotto",198,5,"Pop"
"451","Alexandra Savior",9,0.2,"Pop"
"452","Alexandre Ghati",3,0.1,"Pop"
"453","Allan Fontes",4,0.1,"Pop"
"454","AllÃª Lopes",1,1.1,"Pop"
"455","Allstar Weekend",36,0.6,"Pop"
"456","Amanda de Paula",1,1.8,"Pop"
"457","Ana Elisa Renault",13,0.4,"Pop"
"458","Ana Paula ProcÃ_pio",5,5.8,"Pop"
"459","AnavitÃ_ria",43,23.8,"Pop"
"460","AndrÃ© Finhana",10,0.1,"Pop"
"461","Andriix",5,9.2,"Pop"
"462","Anna Cintia",4,0.4,"Pop"
"463","Antunes",2,1.4,"Pop"
"464","Ara Ketu",133,1.7,"Pop"
"465","Ariana Carper",13,0.4,"Pop"
"466","Armando Luis - Sapinho",10,1.2,"Pop"
"467","Art of Noise",19,0.3,"Pop"
"468","Arthur Melkey",6,1,"Pop"
"469","Babado Novo",146,1.3,"Pop"
"470","Banda 100 Stress",78,0.1,"Pop"
"471","Bella Thorne",33,0.1,"Pop"
"472","Belle & Sebastian",166,0.8,"Pop"
"473","Blakkstar",1,3.9,"Pop"
"474","Bread",100,1.8,"Pop"
"475","Bruna Rocha",16,0.3,"Pop"
"476","Bruno Mars",119,39.9,"Pop"
"477","Bruno Maury",5,0.4,"Pop"
"478","Bruno Miguel",28,0.1,"Pop"
"479","Cadu Ferreira",4,8,"Pop"
"480","Carly Rae Jepsen",80,10,"Pop"
"481","Cat Stevens",164,1.8,"Pop"
"482","CÃ©line Dion",378,13,"Pop"
"483","Cher",288,3.5,"Pop"
"484","China Anne Mcclain",24,0.1,"Pop"
"485","Chiquititas",206,0.8,"Pop"
"486","Christtian Rodrigues",2,0.1,"Pop"
"487","Claudinho & Buchecha",74,3,"Pop"
"488","Cleo",9,1.6,"Pop"
"489","College 11",19,0.6,"Pop"
"490","Cymia Telleria",11,0.5,"Pop"
"491","Cyndi Lauper",232,7.5,"Pop"
"492","Dani Bessegatto",1,5.1,"Pop"
"493","Danny e Banda Mega Star",12,0.3,"Pop"
"494","Danorte",2,0.1,"Pop"
"495","David Guetta",197,10.5,"Pop"
"496","Dcleo",1,55.4,"Pop"
"497","DEAH Riccio",2,0.1,"Pop"
"498","Deee Lite",40,1.9,"Pop"
"499","Diogo Ferreira",4,0.2,"Pop"
"500","Dionne Warwick",95,2.8,"Pop"
"501","DJ Marlboro",70,0.4,"Pop"
"502","Don Henley",67,0.2,"Pop"
"503","Dora ToiÃ¡",9,0.7,"Pop"
"504","Douglas Nobre",1,0.3,"Pop"
"505","Duckye",1,0.2,"Pop"
"506","Ed Dias",8,0.3,"Pop"
"507","Eliana",203,6,"Pop"
"508","Enrique Iglesias",165,7.2,"Pop"
"509","Eric Saade",53,14.5,"Pop"
"510","Erthal",11,0.1,"Pop"
"511","Especial de Ano Todo",11,0.6,"Pop"
"512","Ester Campos",17,9.2,"Pop"
"513","FERRI",8,2.4,"Pop"
"514","Fournier",3,39.4,"Pop"
"515","Gabriel Rezende",3,0.9,"Pop"
"516","Genesis",202,2.1,"Pop"
"517","Gil Liima",36,15.9,"Pop"
"518","Girls' Generation",248,0.4,"Pop"
"519","Guilherme Arantes",240,3.1,"Pop"
"520","Guilherme Morari",1,0.2,"Pop"
"521","Gwen Stefani",76,1.4,"Pop"
"522","Haldson Ventura",9,0.1,"Pop"
"523","He Is We",30,0.6,"Pop"
"524","Henrique Campos",4,0.1,"Pop"
"525","Hilary Duff",109,0.7,"Pop"
"526","HUNTR",3,0.1,"Pop"
"527","Jaci Velasquez",156,0.2,"Pop"
"528","Jackson 5",215,2.6,"Pop"
"529","Jamiroquai",114,0.5,"Pop"
"530","Jarzo Alves",3,7.2,"Pop"
"531","Jean Santoro",2,1.7,"Pop"
"532","Jennifer Lopez",203,5.8,"Pop"
"533","Jess",1,0.1,"Pop"
"534","Jesse McCartney",102,2.7,"Pop"
"535","Joe Jonas",16,0.2,"Pop"
"536","Joss Stone",140,2.4,"Pop"
"537","Julie & Os Fantasmas",17,0.2,"Pop"
"538","Julie Ramos",6,0.1,"Pop"
"539","Justin Bieber",214,28.3,"Pop"
"540","K R Aleatorio",1,0.7,"Pop"
"541","K-BEL",10,9.4,"Pop"
"542","Kaique Theodoro",1,1,"Pop"
"543","Karol Stahr",12,0.5,"Pop"
"544","Katy B",56,0.1,"Pop"
"545","KeL Do Nascimento",6,1.1,"Pop"
"546","Kelly Key",84,1.8,"Pop"
"547","KHarlles",102,0.3,"Pop"
"548","Kleiton e Kledir",78,1.1,"Pop"
"549","Lady Gaga",244,93.9,"Pop"
"550","Latino",126,2.1,"Pop"
"551","Laura Jansen",13,1,"Pop"
"552","Laura Pausini",405,9.4,"Pop"
"553","LeoAna",10,1.9,"Pop"
"554","Leoti",5,8,"Pop"
"555","Leveckendz",1,0.4,"Pop"
"556","Lindsey Martinez",5,0.1,"Pop"
"557","Lippe",2,0.3,"Pop"
"558","Locomotive",14,0.2,"Pop"
"559","Lorde",51,3.9,"Pop"
"560","Lu Toledo",12,0.2,"Pop"
"561","Luana Costa",10,0.1,"Pop"
"562","Luc Ivor",5,12.9,"Pop"
"563","Lucas Angelo",1,0.5,"Pop"
"564","Madonna",333,12.7,"Pop"
"565","Major Tonn",1,0.2,"Pop"
"566","Mandy Moore",109,0.9,"Pop"
"567","Manu Chao",107,1.5,"Pop"
"568","Manu Gavassi",60,2,"Pop"
"569","Marcelo Jeneci",36,1.9,"Pop"
"570","Maria JÃºlia Bozzolan",1,14,"Pop"
"571","Mariah Carey",271,13.9,"Pop"
"572","Marina Elali",49,0.9,"Pop"
"573","Marjorie Estiano",57,0.8,"Pop"
"574","Mateus Barbosa",1,0.1,"Pop"
"575","Matheu's Feitoza",2,1.4,"Pop"
"576","Mavericky",3,0.4,"Pop"
"577","Mawtham",22,0.1,"Pop"
"578","Mc Illana",1,0.1,"Pop"
"579","MC Leozinho",42,0.3,"Pop"
"580","MC Savannah",1,4.1,"Pop"
"581","Melon",9,0.8,"Pop"
"582","Micah Elloh",2,0.2,"Pop"
"583","Mika",103,1.1,"Pop"
"584","Miss Daja",2,14.6,"Pop"
"585","Mitchel Musso",44,0.3,"Pop"
"586","Mohanna",2,11.5,"Pop"
"587","MÃ_a",176,0.4,"Pop"
"588","Naldo",63,0.7,"Pop"
"589","Nando",5,9.2,"Pop"
"590","Natalie La Rose",3,13.9,"Pop"
"591","Natasha Bedingfield",73,0.8,"Pop"
"592","Natasha LeÃ¡h",18,0.1,"Pop"
"593","Neon Hitch",66,0.1,"Pop"
"594","Nicola Roberts",17,40.1,"Pop"
"595","Ninha Rayarchad",1,0.2,"Pop"
"596","Noah Cliff",1,1.5,"Pop"
"597","Oh Land",32,3.5,"Pop"
"598","One Direction",124,14.2,"Pop"
"599","Owl City",125,0.7,"Pop"
"600","P H",2,0.6,"Pop"
"601","Paolo Meola",4,40.1,"Pop"
"602","Paulinho, Cancioneiro",24,1.1,"Pop"
"603","Pedro Henrique Silva",1,0.2,"Pop"
"604","Pedro PondÃ©",4,0.1,"Pop"
"605","Pet Shop Boys",285,4.1,"Pop"
"606","Pink",168,38.1,"Pop"
"607","Prud Rey",1,28.1,"Pop"
"608","Rafa Novaes",1,6.6,"Pop"
"609","Rafael Silva",28,4.8,"Pop"
"610","Rebeca Carvalho",10,0.1,"Pop"
"611","Renan Freixes",1,0.5,"Pop"
"612","Robbie Williams",282,4.5,"Pop"
"613","Rodrigo e Thayane",7,0.2,"Pop"
"614","Rouge",73,2.4,"Pop"
"615","Saint Etienne",191,0.8,"Pop"
"616","Sandy",88,9.3,"Pop"
"617","September",59,0.2,"Pop"
"618","Sia",175,15.6,"Pop"
"619","Slow Club",35,9.2,"Pop"
"620","Somos Mais Que Amigos",10,1.9,"Pop"
"621","Sonohra",65,0.2,"Pop"
"622","Sonora",5,0.1,"Pop"
"623","SueÃ±a Conmigo",30,0.1,"Pop"
"624","Super Junior",293,0.4,"Pop"
"625","SuperHeavy",13,0.1,"Pop"
"626","Supertramp",106,2.1,"Pop"
"627","Thalles Roberto",121,6.8,"Pop"
"628","The Ready Set",72,0.1,"Pop"
"629","The Supremes",238,2.1,"Pop"
"630","The Wanted",65,2.4,"Pop"
"631","Thiago Arancam",17,1.8,"Pop"
"632","Tiago Schleier",10,0.1,"Pop"
"633","Tifanny Willy",2,10.4,"Pop"
"634","Tiziano Ferro",160,2.1,"Pop"
"635","Trio Bravana",19,0.1,"Pop"
"636","Tulipa Ruiz",44,0.4,"Pop"
"637","Uata Anderson",16,0.4,"Pop"
"638","Vanessa Hudgens",49,0.7,"Pop"
"639","Victoria Justice / Victorious",49,0.2,"Pop"
"640","Violetta",99,2,"Pop"
"641","W&SS",1,0.1,"Pop"
"642","Waldy Jorge",12,0.1,"Pop"
"643","Xuxa",539,14.1,"Pop"
"644","Yago Ramos",5,0.2,"Pop"
"645","ZÃ©lia Duncan",207,1.7,"Pop"
"646","Gui Amaral",26,0.2,"Pop"
"647","Luiz Henrique & Fernando",43,0.1,"Pop"
"648","Agnela",29,0.1,"Pop"
"649","Audrye Sessions",8,0.1,"Pop"
"650","Banda Sum",9,0.8,"Pop"
"651","Chris Richardson",4,1.3,"Pop"
"652","Dan Torres",36,0.1,"Pop"
"653","Emmerson Nogueira",96,0.9,"Pop"
"654","Engenheiros do Hawaii",193,11.9,"Pop"
"655","Fincabaute",25,0.3,"Pop"
"656","INXS",146,1.7,"Pop"
"657","James Blunt",94,7.2,"Pop"
"658","Jonas Brothers",146,1.4,"Pop"
"659","Lifehouse",146,7.5,"Pop"
"660","Lulu Santos",271,10,"Pop"
"661","Michelle Branch",77,0.3,"Pop"
"662","Nick Jonas",82,1.9,"Pop"
"663","O.A.R.",103,5.5,"Pop"
"664","Pato Fu",146,1.4,"Pop"
"665","Pedra LetÃ_cia",39,1.1,"Pop"
"666","Rick Rock",4,0.4,"Pop"
"667","Rude",7,0.1,"Pop"
"668","Sintonizando Sonhos",4,0.3,"Pop"
"669","Skank",139,12.3,"Pop"
"670","Stevens",28,0.1,"Pop"
"671","The Cab",38,0.1,"Pop"
"672","The Naked Brothers Band/Nat and Alex Wolff",75,9.2,"Pop"
"673","The Veronicas",97,0.4,"Pop"
"674","Torugo Teles",2,0.4,"Pop"
"675","Akon",305,9.8,"Pop"
"676","BigBang",175,1,"Pop"
"677","Chiddy Bang",28,0.6,"Pop"
"678","Chris Brown",563,14.3,"Pop"
"679","Christina Milian",62,2.6,"Pop"
"680","Far East Movement",69,0.3,"Pop"
"681","Iggy Azalea",87,2.7,"Pop"
"682","Iyaz",24,0.1,"Pop"
"683","Jhonis",1,0.5,"Pop"
"684","Justin Timberlake",135,14.5,"Pop"
"685","M.I.A.",117,0.9,"Pop"
"686","Mac Miller",212,1.4,"Pop"
"687","Marihanna",4,0.1,"Pop"
"688","Mindless Behavior",31,0.2,"Pop"
"689","N-Dubz",28,14.6,"Pop"
"690","Patrona",5,1,"Pop"
"691","PJ Morton",37,7.2,"Pop"
"692","Roco e Diego",1,0.5,"Pop"
"693","Tinashe",102,0.6,"Pop"
"694","Travie McCoy",21,0.4,"Pop"
"695","VayÃ¶lla",3,17.2,"Pop"
"696","Wallacy Gabriel",1,2.6,"Pop"
"697","Wibe",5,0.6,"Pop"
"698","ÃÅdrian DelFenty",1,14.2,"Pop"
"699","Alphabeat",34,1.8,"Pop"
"700","ÃÅlvaro",3,1,"Pop"
"701","Ana Carolina",166,14.5,"Pop"
"702","Anderson Negrine",1,0.1,"Pop"
"703","Ashley Tisdale",90,15.9,"Pop"
"704","Babi Martinez",3,0.4,"Pop"
"705","BÃ¡rbara Dias",18,4.2,"Pop"
"706","Bee Gees",553,10.4,"Pop"
"707","Benny Benassi",65,0.5,"Pop"
"708","Big Time Rush",89,0.7,"Pop"
"709","Bruni.B",1,9.8,"Pop"
"710","Bruno Oliveira",44,0.4,"Pop"
"711","Bryan Haller",2,1.3,"Pop"
"712","Carole King",144,0.6,"Pop"
"713","Cartho",13,0.3,"Pop"
"714","Chay Suede",32,0.1,"Pop"
"715","Christina Perri",65,39.4,"Pop"
"716","D. Limma",1,0.4,"Pop"
"717","Deco Goes",9,0.4,"Pop"
"718","Dhioni",2,0.3,"Pop"
"719","Diogo Martins",3,0.9,"Pop"
"720","Eduardo Leveck",61,2.7,"Pop"
"721","Eric Henrique",1,0.5,"Pop"
"722","Fabio BlÃ_nc",17,0.1,"Pop"
"723","FÃ¡bio Sina",1,0.2,"Pop"
"724","FlÃ¡via Felicio",7,0.2,"Pop"
"725","Gabi Caroline",2,5.3,"Pop"
"726","Gabriel Albuquerque",6,0.6,"Pop"
"727","GlÃ¡ucia Ramos",13,2.3,"Pop"
"728","Glee",691,8,"Pop"
"729","Guga Oliveira",15,0.2,"Pop"
"730","Guilherme Mattar",4,1.6,"Pop"
"731","Iurih",2,11.9,"Pop"
"732","Jakson Silva",10,1.6,"Pop"
"733","Jeferson Montez",9,0.2,"Pop"
"734","Jennifer Hudson",75,1.1,"Pop"
"735","Jessie J",127,26.3,"Pop"
"736","Jherry",4,2.1,"Pop"
"737","JoÃ£o CallaÃ§a",13,5.1,"Pop"
"738","Joe Amaurot",4,0.4,"Pop"
"739","Joni Mitchell",221,0.3,"Pop"
"740","Junior Caetano",1,0.2,"Pop"
"741","Karina Martins",16,12.2,"Pop"
"742","Kelly Clarkson",213,7.7,"Pop"
"743","Leona Lewis",108,2.3,"Pop"
"744","Luan Santana",187,17.2,"Pop"
"745","Lusca",2,8,"Pop"
"746","Marcella",2,0.7,"Pop"
"747","Mariana Bell",1,1,"Pop"
"748","Miau Grupo",3,1.8,"Pop"
"749","Mike",1,0.1,"Pop"
"750","Nanda Santos",1,0.8,"Pop"
"751","Nina Joory",1,4.2,"Pop"
"752","Nonato Costa",11,0.1,"Pop"
"753","Pamela",131,1.3,"Pop"
"754","Paula Fernandes",215,10.4,"Pop"
"755","PSY",43,1.4,"Pop"
"756","Quase Anjos/Casi Angeles",96,0.2,"Pop"
"757","Rafael Esteffans",1,10,"Pop"
"758","Raphaella",4,1.1,"Pop"
"759","RBD",151,9.8,"Pop"
"760","Ronalt",11,0.3,"Pop"
"761","Roupa Nova",249,12.8,"Pop"
"762","Sandy & Junior",201,14,"Pop"
"763","t.A.T.u.",77,0.7,"Pop"
"764","Taio Cruz",76,1,"Pop"
"765","Teffy Angel",1,1,"Pop"
"766","ThalÃ_a",268,2.5,"Pop"
"767","The Asteroids Galaxy Tour",30,1.4,"Pop"
"768","The Human League",91,0.1,"Pop"
"769","The Ting Tings",31,0.1,"Pop"
"770","Thiago Motta",112,0.1,"Pop"
"771","Tove Lo",65,4.3,"Pop"
"772","Valdo Oliveira",2,4.2,"Pop"
"773","Vanessa da Mata",109,5,"Pop"
"774","Vanilly Vipper",1,0.2,"Pop"
"775","Vocal AlvA",13,0.1,"Pop"
"776","Vremya I Steklo",5,23.8,"Pop"
"777","Walk The Moon",46,0.6,"Pop"
"778","Wanessa Camargo",152,1.7,"Pop"
"779","Welker",3,55.4,"Pop"
"780","Werick Silva",1,0.7,"Pop"
"781","Wesley Ignacio",14,0.1,"Pop"
"782","Will Castle",5,2.2,"Pop"
"783","Heytor Vianna",1,14.6,"Pop"
"784","Lucas e Felipe",31,0.1,"Pop"
"785","ThÃ¡ssio Oliveira",14,0.1,"Pop"
"786","Bola de Fogo",13,0.8,"Pop"
"787","Caroline Miranda",1,0.1,"Pop"
"788","Lenny B",5,18.3,"Pop"
"789","Ludmilla",53,6.5,"Pop"
"790","MC G15",12,3.5,"Pop"
"791","Mc Gui",27,1.1,"Pop"
"792","MC Novinho",13,1.3,"Pop"
"793","Perlla",70,0.9,"Pop"
"794","Valesca Popozuda",11,0.5,"Pop"
"795","Vine Rodry",3,0.8,"Pop"
"796","Leandro Sapucahy",43,0.6,"Pop"
"797","Marku Ribas",9,0.3,"Samba"
"798","Melvin Santhana",8,4.5,"Samba"
"799","Diogo Ferreira",4,0.1,"Samba"
"800","Martin EustÃ¡quio",69,4.9,"Samba"
"801","Adoniran Barbosa",104,1.7,"Samba"
"802","AgepÃª",141,0.9,"Samba"
"803","Alcione",374,5.1,"Samba"
"804","Alexandre Pires",195,6.2,"Samba"
"805","Almir Guineto",66,1.2,"Samba"
"806","Amizade PartidÃ¡ria",1,1.4,"Samba"
"807","Angelo Paes Leme",10,0.1,"Samba"
"808","Arlindo Cruz",201,5.2,"Samba"
"809","Ary Barroso",149,0.5,"Samba"
"810","Assis Valente",6,1.7,"Samba"
"811","Banda Eleve",1,0.1,"Samba"
"812","BÃ¡rbara Beats",1,0.1,"Samba"
"813","Batucada Leve",2,0.3,"Samba"
"814","Batuque Marcado",127,0.4,"Samba"
"815","Beth Carvalho",250,2.6,"Samba"
"816","Biro do Cavaco",39,0.1,"Samba"
"817","Bruninho (Uma Nova HistÃ_ria)",5,0.4,"Samba"
"818","Bruno Vidal & Wetto Lima",3,0.2,"Samba"
"819","Candeia",66,0.2,"Samba"
"820","Carmen Miranda",125,0.4,"Samba"
"821","Cartola",93,2,"Samba"
"822","Celina Santana",10,0.2,"Samba"
"823","Chokolate",6,0.1,"Samba"
"824","Chrigor",38,0.3,"Samba"
"825","Clara Nunes",201,3.6,"Samba"
"826","Claudio Barulho",1,0.4,"Samba"
"827","Clementina de Jesus",43,0.2,"Samba"
"828","Compromisso do Samba",2,4.6,"Samba"
"829","DÃ© Lucas",4,0.3,"Samba"
"830","DemÃ´nios da Garoa",134,0.7,"Samba"
"831","Di Jair",3,0.2,"Samba"
"832","Diogo Nogueira",120,4.1,"Samba"
"833","Doce PaixÃ£o",4,0.3,"Samba"
"834","Dona Ivone Lara",87,0.5,"Samba"
"835","Donga",3,0.1,"Samba"
"836","Dorival Caymmi",89,0.9,"Samba"
"837","Dudu Nobre",97,0.9,"Samba"
"838","Elizeth Cardoso",353,0.5,"Samba"
"839","Elton Medeiros",17,0.4,"Samba"
"840","Elza Soares",148,1.5,"Samba"
"841","Enzo Belmonte",2,0.1,"Samba"
"842","Eros Fidelos",1,5,"Samba"
"843","Eskina do Samba",5,0.1,"Samba"
"844","Flavio Cardoso",11,0.6,"Samba"
"845","Fundo de Quintal",315,4.6,"Samba"
"846","Germano Mathias",20,0.1,"Samba"
"847","Giselle Couto",3,0.2,"Samba"
"848","Grupo Autonomia",3,0.5,"Samba"
"849","Grupo Curt'aÃª",2,0.1,"Samba"
"850","Grupo Dhadi 10",3,0.6,"Samba"
"851","Grupo Fina Batucada",3,0.6,"Samba"
"852","Grupo Jeito Natural",3,0.3,"Samba"
"853","Grupo Puro Acaso",11,0.1,"Samba"
"854","Grupo SatisfaÃ§Ã£o",1,0.6,"Samba"
"855","Grupo Show de Bola (2)",12,0.6,"Samba"
"856","Grupo SoulBlack",2,0.2,"Samba"
"857","Guilherme de Brito",11,0.2,"Samba"
"858","Guinga",40,4.2,"Samba"
"859","Herivelto Martins",33,0.1,"Samba"
"860","HermÃ_nio Bello de Carvalho",25,4.3,"Samba"
"861","Inimigos da HP",97,1,"Samba"
"862","Ismael Silva",33,0.1,"Samba"
"863","Ivanildo Lima",23,6.8,"Samba"
"864","Jair Rodrigues",120,0.7,"Samba"
"865","JamelÃ£o",53,0.1,"Samba"
"866","JoÃ£o da Baiana",2,0.3,"Samba"
"867","JoÃ£o Nogueira",113,0.7,"Samba"
"868","Joca Freire",24,3.6,"Samba"
"869","JongÃ´",1,4.9,"Samba"
"870","Jorge AragÃ£o",168,4.5,"Samba"
"871","Jorge Ben Jor",256,3.5,"Samba"
"872","Jovelina PÃ©rola Negra",71,0.4,"Samba"
"873","Juliana Diniz",17,1.2,"Samba"
"874","JÃºlio JosÃ© S.",6,4.7,"Samba"
"875","Junior Werneck",2,0.2,"Samba"
"876","KatinguelÃª",137,1.7,"Samba"
"877","Lance de Primeira",6,0.1,"Samba"
"878","Leandro Sapucahy",43,0.6,"Samba"
"879","Leci BrandÃ£o",122,0.6,"Samba"
"880","Levemente Sensual",4,4.2,"Samba"
"881","Lucas da Viola",15,0.1,"Samba"
"882","Luciano JS",12,0.1,"Samba"
"883","LuÃ_s Martins",6,13,"Samba"
"884","Makley Matos",4,4.2,"Samba"
"885","Marcela Veiga",11,0.7,"Samba"
"886","Marlene",34,0.1,"Samba"
"887","Mart'nÃ¡lia",87,1,"Samba"
"888","Martinho da Vila",217,5.6,"Samba"
"889","Miltinho",52,0.1,"Samba"
"890","Monarco",20,0.6,"Samba"
"891","Moreira da Silva",55,0.2,"Samba"
"892","Neguinho da Beija-Flor",57,0.4,"Samba"
"893","Nei Lopes",22,0.1,"Samba"
"894","Nelson Cavaquinho",134,0.4,"Samba"
"895","Nelson Sargento",53,0.1,"Samba"
"896","Os Originais do Samba",62,0.6,"Samba"
"897","Partido Em 5",2,0.1,"Samba"
"898","Paulinho da Viola",160,0.7,"Samba"
"899","Pixinguinha",31,0.7,"Samba"
"900","POETASP",14,0.4,"Samba"
"901","Pura CadÃªncia",48,0.1,"Samba"
"902","Quinteto em Branco e Preto",75,0.6,"Samba"
"903","Reinaldo",93,2.5,"Samba"
"904","Roberto Ribeiro",135,0.6,"Samba"
"905","Samba D' Improviso",2,0.2,"Samba"
"906","Samba de Rainha",38,5.1,"Samba"
"907","SambÃ´",71,0.8,"Samba"
"908","Samprazer",80,1.5,"Samba"
"909","SÃ©rgio Malakay",1,0.1,"Samba"
"910","Simplicidade S/A",3,0.1,"Samba"
"911","SinhÃ´",3,0.2,"Samba"
"912","SÃ_ Pra Contrariar",157,4.7,"Samba"
"913","Soul+Samba",8,6.8,"Samba"
"914","SwingaÃª",6,1.4,"Samba"
"915","Symulek",7,0.3,"Samba"
"916","Teresa Cristina",127,0.3,"Samba"
"917","Thais Macedo",8,0.1,"Samba"
"918","Thiago Becker",1,0.1,"Samba"
"919","TÃ´ Black",3,4.3,"Samba"
"920","Tudo Ã© Samba",10,0.4,"Samba"
"921","Velha Guarda da Portela",47,0.1,"Samba"
"922","Wilson Batista",12,0.5,"Samba"
"923","Wilson das Neves",19,4.9,"Samba"
"924","Zeca Pagodinho",309,13.2,"Samba"
"925","Fuse",46,2.8,"Samba"
"926","Grupo Palavra Certa",3,1.5,"Samba"
"927","Maria Rita",140,2.8,"Samba"
"928","Miliko San",2,0.5,"Samba"
"929","Werick Silva",1,1.5,"Samba"
"930","Amanda Gonsales",5,0.4,"Samba"
"931","Aracy de Almeida",51,0.1,"Samba"
"932","Art Popular",184,3.2,"Samba"
"933","Ataulfo Alves",190,0.2,"Samba"
"934","Bezerra da Silva",292,2.9,"Samba"
"935","Braguinha",25,0.3,"Samba"
"936","Bruno Macedo & Banda",1,0.7,"Samba"
"937","Cama de Voz",15,1,"Samba"
"938","Carol Soares",2,0.1,"Samba"
"939","Chico Buarque",447,14.1,"Samba"
"940","Dalva de Oliveira",226,0.6,"Samba"
"941","Francisco Alves",125,0.5,"Samba"
"942","GastÃ£o Formenti",31,0.2,"Samba"
"943","Grupo Doce Encontro",69,0.9,"Samba"
"944","Grupo Pra Variar",1,13.8,"Samba"
"945","Grupo RevelaÃ§Ã£o",188,13,"Samba"
"946","Grupo Santa MalÃ_cia",1,0.3,"Samba"
"947","Grupo Sem RazÃ£o",8,0.1,"Samba"
"948","Gui Moscardini",12,0.6,"Samba"
"949","Harmonia do Samba",221,2.1,"Samba"
"950","JoÃ£o Bosco",146,1.4,"Samba"
"951","Joyce Albuquerque",5,0.9,"Samba"
"952","Ki-Garotos",1,3,"Samba"
"953","Lenda ZN",16,13.8,"Samba"
"954","Luiz Melodia",155,1,"Samba"
"955","LupcÃ_nio Rodrigues",4,0.3,"Samba"
"956","Marcelinho S/a",4,0.3,"Samba"
"957","MÃ¡rio Reis",25,2.8,"Samba"
"958","Nayara Portela",29,4.1,"Samba"
"959","Noel Rosa",158,0.5,"Samba"
"960","Nosso Sentimento",101,4.9,"Samba"
"961","Nosso Tom",45,0.1,"Samba"
"962","Orlando Silva",85,0.3,"Samba"
"963","Paulinno",3,0.2,"Samba"
"964","Paulo Kalu",20,1.2,"Samba"
"965","Pixote",167,8.8,"Samba"
"966","Puro Samba",10,0.1,"Samba"
"967","RaÃ§a Negra",280,14.3,"Samba"
"968","Rico Teixeira",3,1.4,"Samba"
"969","Seu Jorge",106,4.2,"Samba"
"970","SidyBLaCk",3,0.1,"Samba"
"971","SÃ_ Preto Sem Preconceito",23,0.2,"Samba"
"972","Thiaguinho e Rodriguinho",12,0.3,"Samba"
"973","Thiaguinho Wesley SDE",10,0.1,"Samba"
"974","TiNdOlelÃª",3,0.7,"Samba"
"975","Wander Tok - Final",7,0.5,"Samba"
"976","Will Castro",17,0.8,"Samba"
"977","ZÃ© Ricardo",21,0.1,"Samba"
"978","Marcelo D2",115,4.6,"Samba"
"979","Wilson Simoninha",50,0.1,"Samba"
"980","Belo",236,14.7,"Samba"
"981","Bom Gosto",88,3,"Samba"
"982","ExaltaSamba",238,13,"Samba"
"983","Jeito Moleque",99,5,"Samba"
"984","Maguinho Vemnobatuke",4,0.1,"Samba"
"985","Mumuzinho",71,4.3,"Samba"
"986","PÃ©ricles",102,6.8,"Samba"
"987","Rodriguinho",106,2.7,"Samba"
"988","Thiaguinho",143,13.8,"Samba"
"989","Turma do Pagode",182,11.7,"Samba"
